,email
1,email@exemplo.pt
2,rgpd@dgaj.mj.pt
3,encarregado.protecao.dados.mj@dgpj.mj.pt
4,pinhel.judicial@tribunais.org.pt
5,tondela.ministeriopublico@tribunais.org.pt
6,moncao.ministeriopublico@tribunais.org.pt
7,mdouro.ministeriopublico@tribunais.org.pt
8,entronc.ministeriopublico@tribunais.org.pt
9,vncerveira.ministeriopublico@tribunais.org.pt
10,evora.ministeriopublico@tribunais.org.pt
11,abrantes.ministeriopublico@tribunais.org.pt
12,fundao.judicial@tribunais.org.pt
13,sabrosa@tribunais.org.pt
14,albvelha.ministeriopublico@tribunais.org.pt
15,ovar.execucao@tribunais.org.pt
16,gondomar.familia@tribunais.org.pt
17,entronc.judicial@tribunais.org.pt
18,aveiro.taf@tribunais.org.pt
19,matosinhos.ministeriopublico@tribunais.org.pt
20,porto.familia@tribunais.org.pt
21,tavira.ministeriopublico@tribunais.org.pt
22,beja.familia.ministeriopublico@tribunais.org.pt
23,porto.bni@tribunais.org.pt
24,montalegre.judicial@tribunais.org.pt
25,margrande.ministeriopublico@tribunais.org.pt
26,loures.trabalho@tribunais.org.pt
27,tvedras.familia@tribunais.org.pt
28,vngaia.trabalho@tribunais.org.pt
29,coimbra.trabalho@tribunais.org.pt
30,guimaraes.familia@tribunais.org.pt
31,lisboa.tm@tribunais.org.pt
32,estarreja.judicial@tribunais.org.pt
33,feira.familia.ministeriopublico@tribunais.org.pt
34,montvelho.ministeriopublico@tribunais.org.pt
35,ourem.ministeriopublico@tribunais.org.pt
36,braga.centralcriminal@tribunais.org.pt
37,faro.familia@tribunais.org.pt
38,leiria.taf@tribunais.org.pt
39,leiria.judicial@tribunais.org.pt
40,lousada.judicial@tribunais.org.pt
41,pdelgada.taf@tribunais.org.pt
42,pdelgada.centralcriminal@tribunais.org.pt
43,faro.familia.ministeriopublico@tribunais.org.pt
44,sesimbra.ministeriopublico@tribunais.org.pt
45,mogadouro.judicial@tribunais.org.pt
46,barreiro.instrucaocriminal@tribunais.org.pt
47,fafe.judicial@tribunais.org.pt
48,grandola.ministeriopublico@tribunais.org.pt
49,braga.trabalho@tribunais.org.pt
50,feira.familia@tribunais.org.pt
51,viseu.familia@tribunais.org.pt
52,tribunal.p.intelectual.ministeriopublico@tribunais.org.pt
53,pdelgada.instrucaocriminal@tribunais.org.pt
54,vcastelo.centralcriminal@tribunais.org.pt
55,stacgrac.ministeriopublico@tribunais.org.pt
56,lousa.judicial@tribunais.org.pt
57,sjpesqueira@tribunais.org.pt
58,lisboa.centralcriminal.mp@tribunais.org.pt
59,porto.diap@tribunais.org.pt
60,santarem.trabalho.ministeriopublico@tribunais.org
61,penafiel.diap@tribunais.org.pt
62,mafra.familia@tribunais.org.pt
63,golega@tribunais.org.pt
64,pregua.ministeriopublico@tribunais.org.pt
65,portalegre.trabalho.ministeriopublico@tribunais.org.pt
66,bombarral@tribunais.org.pt
67,cbranco.taf@tribunais.org.pt
68,braganca.centralcriminal@tribunais.org.pt
69,rmonsaraz.judicial@tribunais.org.pt
70,praiav.ministeriopublico@tribunais.org.pt
71,portimao.centralcivel@tribunais.org.pt
72,seia.ministeriopublico@tribunais.org.pt
73,figvinhos.judicial@tribunais.org.pt
74,lisboa.pequenacriminalidade@tribunais.org.pt
75,funchal.familia.ministeriopublico@tribunais.org.pt
76,valenca.judicial@tribunais.org.pt
77,crainha.ministeriopublico@tribunais.org.pt
78,riomaior.judicial@tribunais.org.pt
79,obairro.ministeriopublico@tribunais.org.pt
80,cbranco.familia.ministeriopublico@tribunais.org.pt
81,braga.familia.ministeriopublico@tribunais.org.pt
82,portomos.judicial@tribunais.org.pt
83,alenquer.ministeriopublico@tribunais.org.pt
84,pdelgada.familia@tribunais.org.pt
85,angrah.judicial@tribunais.org.pt
86,sintra.comercio@tribunais.org.pt
87,faro.diap@tribunais.org.pt
88,valongo.judicial@tribunais.org.pt
89,oleiros.judicial@tribunais.org.pt
90,guimaraes.tr@tribunais.org.pt
91,loule.ministeriopublico@tribunais.org.pt
92,braga.familia@tribunais.org.pt
93,funchal.diap@tribunais.org.pt
94,barreiro.trabalho.ministeriopublico@tribunais.org.pt
95,evora.centralcriminal@tribunais.org.pt
96,aveiro.centralcriminal@tribunais.org.pt
97,arganil.judicial@tribunais.org.pt
98,abrantes.judicial@tribunais.org.pt
99,leiria.trabalho.ministeriopublico@tribunais.org.pt
100,valpacos.judicial@tribunais.org.pt
101,oeiras.ministeriopublico@tribunais.org.pt
102,coimbra.tr@tribunais.org.pt
103,mealhada.judicial@tribunais.org.pt
104,redondo.ministeriopublico@tribunais.org.pt
105,sintra.diap@tribunais.org.pt
106,setubal.judicial@tribunais.org.pt
107,faro.trabalho.ministeriopublico@tribunais.org.pt
108,bna@tribunais.org.pt
109,vagos.ministeriopublico@tribunais.org.pt
110,tvedras.trabalho@tribunais.org.pt
111,sintra.familia.ministeriopublico@tribunais.org.pt
112,arraiolos@tribunais.org.pt
113,ovar.judicial@tribunais.org.pt
114,guarda.ministeriopublico@tribunais.org.pt
115,pdelgada.ministeriopublico@tribunais.org.pt
116,vpaguiar.ministeriopublico@tribunais.org.pt
117,vel.ministeriopublico@tribunais.org.pt
118,viseu.taf@tribunais.org.pt
119,cantanhede.ministeriopublico@tribunais.org.pt
120,braga.diap@tribunais.org.pt
121,cbeira.judicial@tribunais.org.pt
122,penamacor@tribunais.org.pt
123,portomos.ministeriopublico@tribunais.org.pt
124,cabbasto.ministeriopublico@tribunais.org.pt
125,scdao.judicial@tribunais.org.pt
126,braga.instrucaocriminal@tribunais.org.pt
127,angrah.ministeriopublico@tribunais.org.pt
128,braga.taf@tribunais.org.pt
129,loures.familia.ministeriopublico@tribunais.org.pt
130,caminha.ministeriopublico@tribunais.org.pt
131,coimbra.tep@tribunais.org.pt
132,lousa.ministeriopublico@tribunais.org.pt
133,faro.centralcivel@tribunais.org.pt
134,coimbra.ministeriopublico@tribunais.org.pt
135,viseu.ministeriopublico@tribunais.org.pt
136,stotirso.familia.ministeriopublico@tribunais.org.pt
137,ribgrande.ministeriopublico@tribunais.org.pt
138,vcambra.judicial@tribunais.org.pt
139,montalegre.ministeriopublico@tribunais.org.pt
140,feira.trabalho.ministeriopublico@tribunais.org.pt
141,inova.judicial@tribunais.org.pt
142,lousada.execucao@tribunais.org.pt
143,tmoncorvo.judicial@tribunais.org.pt
144,tabuaco@tribunais.org.pt
145,pvarzim.judicial@tribunais.org.pt
146,setubal.centralcivel@tribunais.org.pt
147,vnfamalicao.execucao@tribunais.org.pt
148,sines@tribunais.org.pt
149,condnova.ministeriopublico@tribunais.org.pt
150,leiria.centralcriminal@tribunais.org.pt
151,scdao.ministeriopublico@tribunais.org.pt
152,barcelos.ministeriopublico@tribunais.org.pt
153,vminho.judicial@tribunais.org.pt
154,cbranco.trabalho.ministeriopublico@tribunais.org.pt
155,cascais.instrucaocriminal@tribunais.org.pt
156,alcobaca.comercio@tribunais.org.pt
157,velas.ministeriopublico@tribunais.org.pt
158,pdelgada.familia.ministeriopublico@tribunais.org.pt
159,beja.trabalho.ministeriopublico@tribunais.org.pt
160,porto.tr@tribunais.org.pt
161,peniche.ministeriopublico@tribunais.org.pt
162,vvicosa.judicial@tribunais.org.pt
163,agueda.execucao@tribunais.org.pt
164,lagoa.comercio@tribunais.org.pt
165,portalegre.ministeriopublico@tribunais.org.pt
166,barreiro.trabalho@tribunais.org.pt
167,beja.trabalho@tribunais.org.pt
168,guimaraes.centralcivel@tribunais.org.pt
169,lisboa.localcriminal.ministeriopublico@tribunais.org.pt
170,vcastelo.ministeriopublico@tribunais.org.pt
171,lisboa.tacl@tribunais.org.pt
172,vnfamalicao.familia@tribunais.org.pt
173,aveiro.trabalho@tribunais.org.pt
174,anadia.ministeriopublico@tribunais.org.pt
175,covilha.familia@tribunais.org.pt
176,matosinhos.trabalho.ministeriopublico@tribunais.org.pt
177,covilha.familia.ministeriopublico@tribunais.org.pt
178,vimioso@tribunais.org.pt
179,agueda.trabalho.ministeriopublico@tribunais.org.pt
180,leiria.trabalho@tribunais.org.pt
181,tondela.judicial@tribunais.org.pt
182,silves.judicial@tribunais.org.pt
183,amadora.familia.ministeriopublico@tribunais.org.pt
184,cartaxo.judicial@tribunais.org.pt
185,pombal.ministeriopublico@tribunais.org.pt
186,margrande.judicial@tribunais.org.pt
187,vnfamalicao.judicial@tribunais.org.pt
188,oazemeis.comercio@tribunais.org.pt
189,faro.ministeriopublico@tribunais.org.pt
190,barcelos.familia@tribunais.org.pt
191,ilhavo.ministeriopublico@tribunais.org.pt
192,vilaflor.judicial@tribunais.org.pt
193,leiria.diap@tribunais.org.pt
194,almada.trabalho@tribunais.org.pt
195,vilareal.familia.ministeriopublico@tribunais.org.pt
196,pferreira.ministeriopublico@tribunais.org.pt
197,baiao.judicial@tribunais.org.pt
198,almada.ministeriopublico@tribunais.org.pt
199,monchique@tribunais.org.pt
200,tvedras.familia.ministeriopublico@tribunais.org.pt
201,funchal.trabalho@tribunais.org.pt
202,pombal.judicial@tribunais.org.pt
203,redondo.judicial@tribunais.org.pt
204,valongo.ministeriopublico@tribunais.org.pt
205,porto.familia.ministeriopublico@tribunais.org.pt
206,cbranco.centralcriminal@tribunais.org.pt
207,fafe.familia@tribunais.org.pt
208,portalegre.judicial@tribunais.org.pt
209,clbasto.ministeriopublico@tribunais.org.pt
210,sintra.execucao@tribunais.org.pt
211,tnovas.ministeriopublico@tribunais.org.pt
212,vfxira.familia.ministeriopublico@tribunais.org.pt
213,matosinhos.familia@tribunais.org.pt
214,cascais.centralcriminal@tribunais.org.pt
215,cascais.trabalho.ministeriopublico@tribunais.org.pt
216,tmoncorvo.ministeriopublico@tribunais.org.pt
217,moncao.judicial@tribunais.org.pt
218,amarante.comercio@tribunais.org.pt
219,seia.judicial@tribunais.org.pt
220,caminha.judicial@tribunais.org.pt
221,aveiro.familia.ministeriopublico@tribunais.org.pt
222,mcanavezes.judicial@tribunais.org.pt
223,santarem.judicial@tribunais.org.pt
224,loule.taf@tribunais.org.pt
225,mafra.judicial@tribunais.org.pt
226,fafe.ministeriopublico@tribunais.org.pt
227,seixal.ministeriopublico@tribunais.org.pt
228,almada.centralcivel@tribunais.org.pt
229,elvas.judicial@tribunais.org.pt
230,alfandegafe@tribunais.org.pt
231,inova.ministeriopublico@tribunais.org.pt
232,coruche.judicial@tribunais.org.pt
233,tomar.familia.ministeriopublico@tribunais.org.pt
234,melgaco.ministeriopublico@tribunais.org.pt
235,coimbra.comercio@tribunais.org.pt
236,gondomar.familia.ministeriopublico@tribunais.org.pt
237,aveiro.familia@tribunais.org.pt
238,coimbra.diap@tribunais.org.pt
239,guarda.trabalho.ministeriopublico@tribunais.org.pt
240,alvaiazere@tribunais.org.pt
241,loures.execucao@tribunais.org.pt
242,lourinha.judicial@tribunais.org.pt
243,portimao.trabalho@tribunais.org.pt
244,alijo.judicial@tribunais.org.pt
245,lisboa.ttl@tribunais.org.pt
246,feira.centralcriminal@tribunais.org.pt
247,cbranco.centralcivel@tribunais.org.pt
248,amares.ministeriopublico@tribunais.org.pt
249,cdaire.judicial@tribunais.org.pt
250,spsul.ministeriopublico@tribunais.org.pt
251,penacova.ministeriopublico@tribunais.org.pt
252,guimaraes.comercio@tribunais.org.pt
253,barreiro.familia.ministeriopublico@tribunais.org.pt
254,satao.judicial@tribunais.org.pt
255,coruche.ministeriopublico@tribunais.org.pt
256,viseu.execucao@tribunais.org.pt
257,tvedras.ministeriopublico@tribunais.org.pt
258,vcastelo.trabalho@tribunais.org.pt
259,montnovo.ministeriopublico@tribunais.org.pt
260,velas.judicial@tribunais.org.pt
261,guimaraes.instrucaocriminal@tribunais.org.pt
262,svicente@tribunais.org.pt
263,sjmadeira.familia@tribunais.org.pt
264,santarem.ministeriopublico@tribunais.org.pt
265,mealhada.ministeriopublico@tribunais.org.pt
266,guarda.centralcriminal@tribunais.org.pt
267,meda@tribunais.org.pt
268,fcrodrigo.ministeriopublico@tribunais.org.pt
269,chaves.judicial@tribunais.org.pt
270,tavira.judicial@tribunais.org.pt
271,matosinhos.trabalho@tribunais.org.pt
272,lamego.familia@tribunais.org.pt
273,almada.instrucaocriminal@tribunais.org.pt
274,tomar.familia@tribunais.org.pt
275,vfxira.trabalho.ministeriopublico@tribunais.org.pt
276,portimao.trabalho.ministeriopublico@tribunais.org.pt
277,esposende.judicial@tribunais.org.pt
278,amadora.familia@tribunais.org.pt
279,setubal.trabalho.ministeriopublico@tribunais.org
280,vilareal.judicial@tribunais.org.pt
281,viseu.centralcriminal@tribunais.org.pt
282,vcambra.ministeriopublico@tribunais.org.pt
283,viseu.trabalho@tribunais.org.pt
284,obairro.familia@tribunais.org.pt
285,almeirim.judicial@tribunais.org.pt
286,anadia.judicial@tribunais.org.pt
287,loule.judicial@tribunais.org.pt
288,paredes.familia.ministeriopublico@tribunais.org.pt
289,nelas.judicial@tribunais.org.pt
290,gouveia.judicial@tribunais.org.pt
291,vnfamalicao.trabalho@tribunais.org.pt
292,pinhel.ministeriopublico@tribunais.org.pt
293,guimaraes.ministeriopublico@tribunais.org.pt
294,spsul.judicial@tribunais.org.pt
295,vnfamalicao.ministeriopublico@tribunais.org.pt
296,grandola.judicial@tribunais.org.pt
297,silves.ministeriopublico@tribunais.org.pt
298,vrsant.ministeriopublico@tribunais.org.pt
299,santarem.familia@tribunais.org.pt
300,amarante.ministeriopublico@tribunais.org.pt
301,cartaxo.ministeriopublico@tribunais.org.pt
302,mdouro.judicial@tribunais.org.pt
303,lisboa.familia.ministeriopublico@tribunais.org.pt
304,tvedras.trabalho.ministeriopublico@tribunais.org.pt
305,severvouga@tribunais.org.pt
306,loures.instrucaocriminal@tribunais.org.pt
307,nazare.ministeriopublico@tribunais.org.pt
308,coimbra.taf@tribunais.org.pt
309,alijo.ministeriopublico@tribunais.org.pt
310,vporto.ministeriopublico@tribunais.org.pt
311,vcastelo.instrucaocriminal@tribunais.org.pt
312,oeiras.judicial@tribunais.org.pt
313,vcastelo.diap@tribunais.org.pt
314,fcrodrigo.judicial@tribunais.org.pt
315,beja.ministeriopublico@tribunais.org.pt
316,lisboa.judicial@tribunais.org.pt
317,horta.ministeriopublico@tribunais.org.pt
318,vngaia.familia.ministeriopublico@tribunais.org.pt
319,alcasal@tribunais.org.pt
320,macedocav.ministeriopublico@tribunais.org.pt
321,ourem.judicial@tribunais.org.pt
322,porto.centralcivel@tribunais.org.pt
323,alcobaca.judicial@tribunais.org.pt
324,portel@tribunais.org.pt
325,silves.execucao@tribunais.org.pt
326,pserra@tribunais.org.pt
327,tribunal.p.intelectual@tribunais.org.pt
328,vngaia.comercio@tribunais.org.pt
329,estarreja.familia.ministeriopublico@tribunais.org.pt
330,moimentab.judicial@tribunais.org.pt
331,sroquepico.judicial@tribunais.org.pt
332,lisboa.familia@tribunais.org.pt
333,moura.judicial@tribunais.org.pt
334,lamego.trabalho@tribunais.org.pt
335,olhao.comercio@tribunais.org.pt
336,lisboa.centralcriminal@tribunais.org.pt
337,stotirso.judicial@tribunais.org.pt
338,vvicosa.ministeriopublico@tribunais.org.pt
339,barreiro.comercio@tribunais.org.pt
340,vilareal.ministeriopublico@tribunais.org.pt
341,leiria.instrucaocriminal@tribunais.org.pt
342,sjmadeira.judicial@tribunais.org.pt
343,cansiaes@tribunais.org.pt
344,lamego.familia.ministeriopublico@tribunais.org.pt
345,almeirim.ministeriopublico@tribunais.org.pt
346,vnfamalicao.comercio@tribunais.org.pt
347,evora.centralcivel@tribunais.org.pt
348,matosinhos.instrucaocriminal@tribunais.org.pt
349,ocriminal@tribunais.org.pt
350,pferreira.judicial@tribunais.org.pt
351,guimaraes.execucao@tribunais.org.pt
352,soure@tribunais.org.pt
353,lisboa.trabalho@tribunais.org.pt
354,mondimb@tribunais.org.pt
355,vcastelo.familia@tribunais.org.pt
356,tvedras.judicial@tribunais.org.pt
357,clbasto.judicial@tribunais.org.pt
358,barcelos.familia.ministeriopublico@tribunais.org.pt
359,vngaia.trabalho.ministeriopublico@tribunais.org.pt
360,viseu.trabalho.ministeriopublico@tribunais.org.pt
361,fronteira.ministeriopublico@tribunais.org.pt
362,amadora.judicial@tribunais.org.pt
363,sintra.centralcivel@tribunais.org.pt
364,portimao.ministeriopublico@tribunais.org.pt
365,sroquepico.ministeriopublico@tribunais.org.pt
366,sintra.pequenacriminalidade@tribunais.org.pt
367,porto.trabalho@tribunais.org.pt
368,mangualde.ministeriopublico@tribunais.org.pt
369,funchal.centralcivel@tribunais.org.pt
370,penafiel.trabalho.ministeriopublico@tribunais.org.pt
371,santarem.instrucaocriminal@tribunais.org.pt
372,albvelha.judicial@tribunais.org.pt
373,beja.centralcivel@tribunais.org.pt
374,correio.mp@stadministrativo.pt
375,vilareal.trabalho.ministeriopublico@tribunais.org.pt
376,tomar.ministeriopublico@tribunais.org.pt
377,feira.judicial@tribunais.org.pt
378,braga.trabalho.ministeriopublico@tribunais.org.pt
379,vfxira.ministeriopublico@tribunais.org.pt
380,mcanavezes.ministeriopublico@tribunais.org.pt
381,vfxira.trabalho@tribunais.org.pt
382,funchal.familia@tribunais.org.pt
383,benavente.judicial@tribunais.org.pt
384,arouca.ministeriopublico@tribunais.org.pt
385,sjmadeira.ministeriopublico@tribunais.org.pt
386,almada.centralcriminal@tribunais.org.pt
387,porto.ministeriopublico@tribunais.org.pt
388,funchal.comercio@tribunais.org.pt
389,portimao.instrucaocriminal@tribunais.org.pt
390,vcastelo.familia.ministeriopublico@tribunais.org.pt
391,portimao.centralcriminal@tribunais.org.pt
392,barreiro.ministeriopublico@tribunais.org.pt
393,cbranco.trabalho@tribunais.org.pt
394,o.judicial@tribunais.org.pt
395,vouzela@tribunais.org.pt
396,aveiro.judicial@tribunais.org.pt
397,almodovar.ministeriopublico@tribunais.org.pt
398,penafiel.ministeriopublico@tribunais.org.pt
399,matosinhos.familia.ministeriopublico@tribunais.org.pt
400,fronteira.judicial@tribunais.org.pt
401,paredes.familia@tribunais.org.pt
402,gondomar.ministeriopublico@tribunais.org.pt
403,vilaconde.ministeriopublico@tribunais.org.pt
404,montijo.judicial@tribunais.org.pt
405,chaves.ministeriopublico@tribunais.org.pt
406,riomaior.ministeriopublico@tribunais.org.pt
407,crainha.familia@tribunais.org.pt
408,pcoura@tribunais.org.pt
409,coimbra.familia@tribunais.org.pt
410,baiao.ministeriopublico@tribunais.org.pt
411,santarem.comercio@tribunais.org.pt
412,penacova.judicial@tribunais.org.pt
413,mafra.ministeriopublico@tribunais.org.pt
414,viseu.instrucaocriminal@tribunais.org
415,alcobaca.execucao@tribunais.org.pt
416,portalegre.trabalho@tribunais.org.pt
417,tribunal.c.supervisao@tribunais.org.pt
418,planhoso.judicial@tribunais.org.pt
419,condnova.judicial@tribunais.org.pt
420,armamar@tribunais.org.pt
421,valpacos.ministeriopublico@tribunais.org.pt
422,guimaraes.familia.ministeriopublico@tribunais.org.pt
423,maia.ministeriopublico@tribunais.org.pt
424,vnfamalicao.familia.ministeriopublico@tribunais.org.pt
425,seixal.judicial@tribunais.org.pt
426,mangualde.judicial@tribunais.org.pt
427,figfoz.familia@tribunais.org.pt
428,vminho.ministeriopublico@tribunais.org.pt
429,mesaofrio@tribunais.org.pt
430,viseu.centralcivel@tribunais.org.pt
431,funchal.taf@tribunais.org.pt
432,felgueiras.judicial@tribunais.org.pt
433,sesimbra.judicial@tribunais.org.pt
434,figfoz.ministeriopublico@tribunais.org.pt
435,benavente.ministeriopublico@tribunais.org.pt
436,cantanhede.judicial@tribunais.org.pt
437,vnfozcoa.judicial@tribunais.org.pt
438,setubal.execucao@tribunais.org.pt
439,penafiel.instrucaocriminal@tribunais.org.pt
440,plima.ministeriopublico@tribunais.org.pt
441,angrah.centralcrim@tribunais.org.pt
442,chaves.execucao@tribunais.org.pt
443,portimao.judicial@tribunais.org.pt
444,vfxira.familia@tribunais.org.pt
445,stacflores.ministeriopublico@tribunais.org.pt
446,macedocav.judicial@tribunais.org.pt
447,figvinhos.ministeriopublico@tribunais.org.pt
448,sabugal@tribunais.org.pt
449,lamego.ministeriopublico@tribunais.org.pt
450,santcacem.familia.ministeriopublico@tribunais.org.pt
451,setubal.comercio@tribunais.org.pt
452,pdelgada.centralcivel@tribunais.org.pt
453,rmonsaraz.ministeriopublico@tribunais.org.pt
454,braganca.trabalho.ministeriopublico@tribunais.org.pt
455,almada.taf@tribunais.org.pt
456,arganil.ministeriopublico@tribunais.org.pt
457,lisboa.execucao@tribunais.org.pt
458,funchal.ministeriopublico@tribunais.org.pt
459,almada.execucao@tribunais.org.pt
460,almeida.judicial@tribunais.org.pt
461,leiria.centralcivel@tribunais.org.pt
462,barreiro.familia@tribunais.org.pt
463,serta.ministeriopublico@tribunais.org.pt
464,almodovar.judicial@tribunais.org.pt
465,sintra.taf@tribunais.org.pt
466,cbranco.ministeriopublico@tribunais.org.pt
467,leiria.comercio@tribunais.org.pt
468,braganca.ministeriopublico@tribunais.org.pt
469,mirandela.taf@tribunais.org.pt
470,lousada.ministeriopublico@tribunais.org.pt
471,sintra.ministeriopublico@tribunais.org.pt
472,funchal.trabalho.ministeriopublico@tribunais.org.pt
473,lisboa.tr@tribunais.org.pt
474,moita.ministeriopublico@tribunais.org.pt
475,santcacem.judicial@tribunais.org.pt
476,lamego.trabalho.ministeriopublico@tribunais.org.pt
477,entronc.execucao@tribunais.org.pt
478,felgueiras.ministeriopublico@tribunais.org.pt
479,beja.taf@tribunais.org.pt
480,sintra.centralcriminal@tribunais.org.pt
481,santarem.centralcriminal@tribunais.org.pt
482,oazemeis.trabalho@tribunais.org.pt
483,porto.instrucaocriminal@tribunais.org.pt
484,penafiel.trabalho@tribunais.org.pt
485,loures.centralcriminal@tribunais.org.pt
486,vngaia.centralcivel@tribunais.org.pt
487,porto.tcan@tribunais.org.pt
488,lisboa.tcic@tribunais.org.pt
489,vcastelo.centralcivel@tribunais.org.pt
490,estarreja.ministeriopublico@tribunais.org.pt
491,pvarzim.ministeriopublico@tribunais.org.pt
492,tribunal.c.supervisao.ministeriopublico@tribunais.org.pt
493,loures.diap@tribunais.org.pt
494,ansiao@tribunais.org.pt
495,crainha.familia.ministeriopublico@tribunais.org.pt
496,coimbra.instrucaocriminal@tribunais.org.pt
497,correio@stadministrativo.pt
498,loures.centralcivel@tribunais.org.pt
499,vfcampo.ministeriopublico@tribunais.org.pt
500,satao.ministeriopublico@tribunais.org.pt
501,vilaflor.ministeriopublico@tribunais.org.pt
502,santcacem.ministeriopublico@tribunais.org.pt
503,tabua.ministeriopublico@tribunais.org.pt
504,espinho.judicial@tribunais.org.pt
505,penela@tribunais.org.pt
506,feira.trabalho@tribunais.org.pt
507,porto.judicial@tribunais.org.pt
508,gondomar.judicial@tribunais.org.pt
509,porto.tep@tribunais.org.pt
510,santarem.diap@tribunais.org.pt
511,barcelos.trabalho@tribunais.org.pt
512,estarreja.familia@tribunais.org.pt
513,portimao.familia@tribunais.org.pt
514,trancoso.ministeriopublico@tribunais.org.pt
515,nelas.ministeriopublico@tribunais.org.pt
516,aveiro.trabalho.ministeriopublico@tribunais.org.pt
517,gouveia.ministeriopublico@tribunais.org.pt
518,pontesor.ministeriopublico@tribunais.org.pt
519,portalegre.centralcivelcriminal@tribunais.org.pt
520,obairro.judicial@tribunais.org.pt
521,ilhavo.judicial@tribunais.org.pt
522,cbranco.familia@tribunais.org.pt
523,vfxira.judicial@tribunais.org.pt
524,pdelgada.trabalho.ministeriopublico@tribunais.org.pt
525,falgodres@tribunais.org.pt
526,vnfozcoa.ministeriopublico@tribunais.org.pt
527,coimbra.centralcriminal@tribunais.org.pt
528,plima.judicial@tribunais.org.pt
529,lagos.judicial@tribunais.org.pt
530,covilha.ministeriopublico@tribunais.org.pt
531,ofrades.judicial@tribunais.org.pt
532,pontasol.ministeriopublico@tribunais.org.pt
533,cpaiva.ministeriopublico@tribunais.org.pt
534,sjmadeira.familia.ministeriopublico@tribunais.org.pt
535,beja.familia@tribunais.org.pt
536,odemira.ministeriopublico@tribunais.org.pt
537,lagos.ministeriopublico@tribunais.org.pt
538,amadora.ministeriopublico@tribunais.org.pt
539,funchal.instrucaocriminal@tribunais.org.pt
540,guarda.centralcivel@tribunais.org.pt
541,setubal.familia.ministeriopublico@tribunais.org.pt
542,esposende.ministeriopublico@tribunais.org.pt
543,sintra.instrucaocriminal@tribunais.org.pt
544,coimbra.trabalho.ministeriopublico@tribunais.org.pt
545,figfoz.trabalho@tribunais.org.pt
546,coimbra.familia.ministeriopublico@tribunais.org.pt
547,olhao.judicial@tribunais.org.pt
548,obairro.familia.ministeriopublico@tribunais.org.pt
549,avis@tribunais.org.pt
550,braga.ministeriopublico@tribunais.org.pt
551,cvide@tribunais.org.pt
552,montvelho.judicial@tribunais.org.pt
553,porto.pequenacriminalidade@tribunais.org.pt
554,lisboa.tep@tribunais.org.pt
555,moita.judicial@tribunais.org.pt
556,ohospital.judicial@tribunais.org.pt
557,stotirso.familia@tribunais.org.pt
558,vinhais@tribunais.org.pt
559,funchal.execucao@tribunais.org.pt
560,montijo.ministeriopublico@tribunais.org.pt
561,viseu.diap@tribunais.org.pt
562,avaldevez.ministeriopublico@tribunais.org.pt
563,lisboa.comercio.ministeriopublico@tribunais.org.pt
564,santarem.trabalho@tribunais.org
565,cascais.familia@tribunais.org.pt
566,valenca.ministeriopublico@tribunais.org.pt
567,guimaraes.trabalho.ministeriopublico@tribunais.org.pt
568,cabbasto.judicial@tribunais.org.pt
569,evora.familia@tribunais.org.pt
570,vfxira.comercio@tribunais.org.pt
571,stacflores.judicial@tribunais.org.pt
572,coimbra.execucao@tribunais.org.pt
573,santcacem.trabalho@tribunais.org.pt
574,vrsant.judicial@tribunais.org.pt
575,tomar.judicial@tribunais.org.pt
576,horta.judicial@tribunais.org.pt
577,guarda.trabalho@tribunais.org.pt
578,vilaconde.familia@tribunais.org.pt
579,pbarca.judicial@tribunais.org.pt
580,cbeira.ministeriopublico@tribunais.org.pt
581,portosanto.ministeriopublico@tribunais.org.pt
582,matosinhos.judicial@tribunais.org.pt
583,nisa.judicial@tribunais.org.pt
584,trancoso.judicial@tribunais.org.pt
585,braga.centralcivel@tribunais.org.pt
586,oeiras.execucao@tribunais.org.pt
587,nordeste@tribunais.org.pt
588,alcobaca.ministeriopublico@tribunais.org.pt
589,aveiro.comercio@tribunais.org.pt
590,faro.centralcriminal@tribunais.org.pt
591,lisboa.centralcivel@tribunais.org.pt
592,maia.judicial@tribunais.org.pt
593,moimentab.ministeriopublico@tribunais.org.pt
594,portimao.familia.ministeriopublico@tribunais.org.pt
595,stacruz.ministeriopublico@tribunais.org.pt
596,guimaraes.centralcriminal@tribunais.org.pt
597,covilha.trabalho.ministeriopublico@tribunais.org.pt
598,vnfamalicao.trabalho.ministeriopublico@tribunais.org.pt
599,vagos.judicial@tribunais.org.pt
600,vilareal.centralcivel@tribunais.org.pt
601,braganca.centralcivel@tribunais.org.pt
602,aveiro.instrucaocriminal@tribunais.org.pt
603,elvas.ministeriopublico@tribunais.org.pt
604,lisboa.pequenacriminalidade.mp@tribunais.org.pt
605,setubal.centralcriminal@tribunais.org.pt
606,praiav.judicial@tribunais.org.pt
607,murca@tribunais.org.pt
608,arouca.judicial@tribunais.org.pt
609,pdelgada.trabalho@tribunais.org.pt
610,leiria.ministeriopublico@tribunais.org.pt
611,almeida.ministeriopublico@tribunais.org.pt
612,feira.instrucaocriminal@tribunais.org.pt
613,vilaconde.judicial@tribunais.org.pt
614,vcastelo.judicial@tribunais.org.pt
615,vpaguiar.judicial@tribunais.org.pt
616,oazemeis.trabalho.ministeriopublico@tribunais.org.pt
617,pdelgada.diap@tribunais.org.pt
618,vcastelo.trabalho.ministeriopublico@tribunais.org.pt
619,cadaval@tribunais.org.pt
620,beja.centralcriminal@tribunais.org.pt
621,evora.tep@tribunais.org.pt
622,guimaraes.trabalho@tribunais.org.pt
623,lourinha.ministeriopublico@tribunais.org.pt
624,pontesor.judicial@tribunais.org.pt
625,vilaverde.judicial@tribunais.org.pt
626,fundao.comercio@tribunais.org.pt
627,porto.execucao@tribunais.org.pt
628,nazare.judicial@tribunais.org.pt
629,vilareal.trabalho@tribunais.org.pt
630,evora.judicial@tribunais.org.pt
631,setubal.instrucaocriminal@tribunais.org.pt
632,cinfaes.ministeriopublico@tribunais.org.pt
633,loule.execucao@tribunais.org.pt
634,cascais.trabalho@tribunais.org.pt
635,loures.pequenacriminalidade@tribunais.org.pt
636,almada.familia@tribunais.org.pt
637,oleiros.ministeriopublico@tribunais.org.pt
638,evora.trabalho@tribunais.org.pt
639,seixal.familia@tribunais.org.pt
640,paredes.ministeriopublico@tribunais.org.pt
641,viseu.comercio@tribunais.org.pt
642,macao@tribunais.org.pt
643,sintra.familia@tribunais.org.pt
644,sintra.trabalho.ministeriopublico@tribunais.org.pt
645,santarem.familia.ministeriopublico@tribunais.org.pt
646,figfoz.trabalho.ministeriopublico@tribunais.org.pt
647,cinfaes.judicial@tribunais.org.pt
648,faro.trabalho@tribunais.org.pt
649,resende@tribunais.org.pt
650,cascais.familia.ministeriopublico@tribunais.org.pt
651,alcanena@tribunais.org.pt
652,oazemeis.ministeriopublico@tribunais.org.pt
653,agueda.trabalho@tribunais.org.pt
654,stacgrac.judicial@tribunais.org.pt
655,covilha.trabalho@tribunais.org.pt
656,serpa.ministeriopublico@tribunais.org.pt
657,faro.instrucaocriminal@tribunais.org.pt
658,sintra.judicial@tribunais.org.pt
659,stotirso.comercio@tribunais.org.pt
660,acores.tep@tribunais.org.pt
661,ovar.ministeriopublico@tribunais.org.pt
662,mirandela.judicial@tribunais.org.pt
663,viseu.judicial@tribunais.org.pt
664,setubal.diap@tribunais.org.pt
665,oazemeis.execucao@tribunais.org.pt
666,vncerveira.judicial@tribunais.org.pt
667,viseu.familia.ministeriopublico@tribunais.org.pt
668,lisboa.comercio@tribunais.org.pt
669,abrantes.familia@tribunais.org.pt
670,alenquer.judicial@tribunais.org.pt
671,evora.diap@tribunais.org.pt
672,cascais.centralcivel@tribunais.org.pt
673,pregua.judicial@tribunais.org.pt
674,mogadouro.ministeriopublico@tribunais.org.pt
675,evora.tr@tribunais.org.pt
676,guimaraes.judicial@tribunais.org.pt
677,serpa.judicial@tribunais.org.pt
678,setubal.familial@tribunais.org.pt
679,lisboa.diap@tribunais.org.pt
680,vporto.judicial@tribunais.org.pt
681,setubal.ministeriopublico@tribunais.org.pt
682,angrah.centralcivel@tribunais.org.pt
683,feira.ministeriopublico@tribunais.org.pt
684,barcelos.trabalho.ministeriopublico@tribunais.org.pt
685,porto.trabalho.ministeriopublico@tribunais.org.pt
686,vngaia.centralcriminal@tribunais.org.pt
687,vfcampo.judicial@tribunais.org.pt
688,faro.judicial@tribunais.org.pt
689,setubal.trabalho@tribunais.org
690,vilareal.centralcriminal@tribunais.org.pt
691,fzezere@tribunais.org.pt
692,vilareal.familia@tribunais.org.pt
693,olhao.ministeriopublico@tribunais.org.pt
694,planhoso.ministeriopublico@tribunais.org.pt
695,cascais.ministeriopublico@tribunais.org.pt
696,aveiro.centralcivel@tribunais.org.pt
697,mirandela.ministeriopublico@tribunais.org.pt
698,espinho.ministeriopublico@tribunais.org.pt
699,vilaverde.ministeriopublico@tribunais.org.pt
700,fundao.ministeriopublico@tribunais.org.pt
701,seixal.familia.ministeriopublico@tribunais.org.pt
702,albufeira.ministeriopublico@tribunais.org.pt
703,porto.taf@tribunais.org.pt
704,estremoz.ministeriopublico@tribunais.org.pt
705,boticas@tribunais.org.pt
706,almada.familia.ministeriopublico@tribunais.org.pt
707,correio@lisboa.stj.pt
708,stotirso.ministeriopublico@tribunais.org.pt
709,braganca.trabalho@tribunais.org.pt
710,braganca.judicial@tribunais.org.pt
711,penafiel.taf@tribunais.org.pt
712,avaldevez.judicial@tribunais.org.pt
713,funchal.centralcriminal@tribunais.org.pt
714,sintra.trabalho@tribunais.org.pt
715,melgaco.judicial@tribunais.org.pt
716,feira.centralcivel@tribunais.org.pt
717,vngaia.familia@tribunais.org.pt
718,porto.centralcriminal@tribunais.org.pt
719,santarem.centralcivel@tribunais.org.pt
720,santcacem.familia@tribunais.org.pt
721,figfoz.familia.ministeriopublico@tribunais.org.pt
722,estremoz.judicial@tribunais.org.pt
723,barcelos.judicial@tribunais.org.pt
724,lisboa.trabalho.ministeriopublico@tribunais.org.pt
725,loures.ministeriopublico@tribunais.org.pt
726,mira@tribunais.org.pt
727,montnovo.judicial@tribunais.org.pt
728,ohospital.ministeriopublico@tribunais.org.pt
729,coimbra.centralcivel@tribunais.org.pt
730,ana.p.mata@dgaj.mj.pt
731,francisco.j.sampaio@dgaj.mj.pt
732,lourenco.a.torres@dgaj.mj.pt
733,FhZpM@l.Rki
734,correio@dgaj.mj.pt
735,2@l.iOh
736,correio.geral@dgaj.mj.pt
737,apoio@igfej.mj.pt
738,biblioteca@sg.mj.pt
739,arquivohistorico@sg.mj.pt
740,Espaco.Justica@sg.mj.pt
741,correio.centro@inmlcf.mj.pt
742,correio@inmlcf.mj.pt
743,correio.norte@inmlcf.mj.pt
744,correio.sul@inmlcf.mj.pt
745,correio.cpvc@sg.mj.pt
746,correio.dsjcji@dgaj.mj.pt
747,violencia.covid@cig.gov.pt
748,agendamento.online@inpi.pt
749,sosucrania@acm.gov.pt
750,no-reply@oecd-ilibrary.org
751,tcastro@dgav.pt
752,acsccdim@dgav.pt
753,pdomingos@dgav.pt
754,D@q.Nvyuc
755,helpdesk.citius@igfej.mj.pt
756,uep@psp.pt
757,uep.ci@psp.pt
758,cpaveiro@psp.pt
759,epp@psp.pt
760,contacto@psp.pt
761,iscpsi@psp.pt
762,registos.centrais@irn.mj.pt
763,predial1.maia@irn.mj.pt
764,predial1.coimbra@irn.mj.pt
765,predial1.vfxira@irn.mj.pt
766,predial1.sintra@irn.mj.pt
767,predial1.setubal@irn.mj.pt
768,civil1.porto@irn.mj.pt
769,predial1.oeiras@irn.mj.pt
770,predial1.braga@irn.mj.pt
771,predial1.cascais@irn.mj.pt
772,riac@azores.gov.pt
773,riac@riac.gov.pt
774,cartaodecidadao@irn.mj.pt
775,GRICRP.CC@SEF.PT
776,pep@sef.pt
777,gricrp.cc@sef.pt
778,del.guarda@sef.pt
779,del.leiria@sef.pt
780,del.santarem@sef.pt
781,ua.ccpavilarformoso@sef.pt
782,ccpa.vilarformoso@sef.pt
783,del.braganca@sef.pt
784,servico.publico@inpi.pt
785,drhac@inpi.pt
786,rai@mail.cej.mj.pt
787,prevencaobranqueamento@irn.mj.pt
788,uif.comunicacoes@pj.pt
789,uai.dciap@pgr.pt
790,correio@dgpj.mj.pt
791,geral@ebupi.mj.gov.pt
792,direccao@pj.pt
793,direcao@pj.pt
794,centrodocumentacao@pj.pt
795,dic.guarda@pj.pt
796,dic.madeira@pj.pt
797,dic.aveiro@pj.pt
798,dic.braga@pj.pt
799,dic.leiria@pj.pt
800,dic.portimao@pj.pt
801,dic.setubal@pj.pt
802,dic.vreal@pj.pt
803,dic.acores@pj.pt
804,apoio.siej@dgpj.mj.pt
805,job.ukraine@iefp.pt
806,apoio@acingov.pt
807,grow-espd@ec.europa.eu
808,Z@i.jE
809,iolanda.m.rangel@dgaj.mj.pt
810,dre@incm.pt
811,0*H@mm.ey
812,R@E.eO
813,Y@ge.pheg
814,formacao@dgaj.mj.pt
